
INSERT INTO categories (id, name) VALUES
(1, 'Cat 1'),
(2, 'Cat 2'),
(3, 'Cat 3'),
(4, 'Cat A'),
(5, 'Cat B'),
(6, 'Cat C'),
(7, 'Cat D');

INSERT INTO products (id, name, price, sku, category_id) VALUES
(1, 'Runphase', 17.25, NULL, 1),
(2, 'Zunjob', 16.08, NULL, 2),
(3, 'Scotphase', 2.00, NULL, 3),
(4, 'Ontoredcom', 12.75, NULL, 4),
(5, 'Anhold', 10.00, NULL, 5),
(6, 'Can-Light', 9.99, NULL, 6),
(7, 'Sao-Core', 10, NULL, 7),
(8, 'Alphaair', 13.68, NULL, 1),
(9, 'Hotsing', 7.65, NULL, 2),
(10, 'Geotip', 10.10, NULL, 3),
(11, 'Stim Zimdox', 1.00, NULL, 4),
(12, 'Cof-Tip', 2.50, NULL, 5),
(13, 'Sonjaykix', 4.99, NULL, 6),
(14, 'Ventofix', 7.86, NULL, 7),
(15, 'Zerfax', 4.47, NULL, 1),
(16, 'Span Bam', 6.74, NULL, 2),
(17, 'Tampwarm', 12.24, NULL, 3),
(18, 'Softremtom', 7.68, NULL, 4),
(19, 'Whitetax', 5.98, NULL, 5),
(20, 'Duo-Fan', 22.41, NULL, 6),
(21, 'Damtrax', 13.74, NULL, 5),
(22, 'Fun-Tax', 4.88, NULL, 7),
(23, 'Flex Light', 15.67, NULL, 1),
(24, 'Kan Ozecore', 12.35, NULL, 2),
(25, 'Soloin', 0.75, NULL, 3),
(26, 'Round Is', 3.33, NULL, 4),
(27, 'S--Zap', 6.97, NULL, 5),
(28, 'Soldax', 5.99, NULL, 6),
(29, 'Groove Zunair', 11.05, NULL, 7),
(30, 'Tam Trax', 12.35, NULL, 1),
(31, 'Fase Tanlax', 9.96, NULL, 2),
(32, 'Zuntouch', 9.99, NULL, 1),
(33, 'Saildom', 6.31, NULL, 3),
(34, 'Dalt-Ron', 2.30, NULL, 5),
(35, 'Viva Tech', 1, NULL, 7),
(36, 'Toughcom', 0.35, NULL, 4),
(37, 'Alphatouch', 6.67, NULL, 4),
(38, 'Tampdax', 7.96, NULL, 6);

INSERT INTO orders (id, order_date, summ) VALUES
(1, '2016-09-01', 29.25),
(2, '2016-09-01', 33.33),
(3, '2016-09-01', 2.00),
(4, '2016-09-02', 24.85),
(5, '2016-09-03', 4.99),
(6, '2016-09-03', 25.37),
(7, '2016-09-05', 2.00),
(8, '2016-09-05', 0.75),
(9, '2016-09-07', 40.69),
(10, '2016-09-09', 29.22),
(11, '2016-09-09', 0.00),
(12, '2016-09-10', 0.00),
(13, '2016-09-11', 0.00),
(14, '2016-09-12', 0.00),
(15, '2016-09-13', 0.00),
(16, '2016-09-13', 0.00),
(17, '2016-09-15', 0.00),
(18, '2016-09-15', 0.00),
(19, '2016-09-17', 0.00),
(20, '2016-09-18', 0.00);

INSERT INTO product_order (order_id, product_id) VALUES
(1, 1),
(1, 3),
(1, 5),
(2, 1),
(2, 2),
(3, 3),
(4, 7),
(4, 12),
(4, 24),
(5, 13),
(6, 7),
(6, 9),
(6, 25),
(6, 27),
(7, 3),
(8, 25),
(9, 26),
(9, 27),
(9, 28),
(9, 29),
(9, 30),
(9, 35),
(10, 1),
(10, 19),
(10, 28);

INSERT INTO order_items (id, product_id, quantity) VALUES
(1, 1, 15),
(2, 2, 7),
(3, 3, 6),
(4, 4, 12),
(5, 5, 24),
(6, 6, 3),
(7, 7, 0),
(8, 8, 8),
(9, 9, 18),
(10, 10, 9),
(11, 11, 7),
(12, 12, 7),
(13, 13, 6),
(14, 14, 5),
(15, 15, 7),
(16, 16, 4),
(17, 17, 2),
(18, 18, 7),
(19, 19, 18),
(20, 20, 1),
(21, 21, 1),
(22, 22, 7),
(23, 23, 21),
(24, 24, 17),
(25, 25, 7),
(26, 26, 6),
(27, 27, 2),
(28, 28, 0),
(29, 29, 1),
(30, 30, 7),
(31, 31, 3),
(32, 32, 5),
(33, 33, 5),
(34, 34, 4),
(35, 35, 8),
(36, 36, 11),
(37, 37, 7),
(38, 38, 9);
